{
    "majameh": [
        {
            "date": "1404/03/18",
            "symbol": "فروي",
            "des": "مجمع عمومی عادی سالیانه شرکت ذوب روي اصفهان",
            "link": "https://www.codal.ir/Reports/Decision.aspx?LetterSerial=HT2Ht8hqEMZexSv9BuOOObOOOxow%3d%3d&rt=0&let=16&ct=0&ft=-1"
        },
        {
            "date": "1404/03/18",
            "symbol": "سپيد",
            "des": "مجمع عمومی عادی سالیانه شرکت سپيد ماکيان",
            "link": "https://www.codal.ir/Reports/Decision.aspx?LetterSerial=ihy81Ohug646aMKEmi2t6g%3d%3d&rt=0&let=16&ct=0&ft=-1"
        },
        {
            "date": "1404/03/18",
            "symbol": "فافزا",
            "des": "مجمع عمومی عادی سالیانه شرکت فولاد افزا سپاهان",
            "link": "https://www.codal.ir/Reports/Decision.aspx?LetterSerial=ClpGAJ9wobKqlmLYyDUadQ%3d%3d&rt=0&let=16&ct=0&ft=-1"
        },
        {
            "date": "1404/03/18",
            "symbol": "حکشتي",
            "des": "مجمع عمومی فوق العاده شرکت کشتيراني جمهوري اسلامي ايران ",
            "link": "https://www.codal.ir/Reports/Decision.aspx?LetterSerial=RhNyHpyZau8ZfmypGQQQaQQQQKRA%3d%3d&rt=2&let=18&ct=0&ft=-1"
        },
        {
            "date": "1404/03/18",
            "symbol": "کرازي",
            "des": "مجمع عمومی عادی بطور فوق العاده شرکت کارخانجات توليدي شيشه دارويي رازي ",
            "link": "https://www.codal.ir/Reports/Decision.aspx?LetterSerial=TMFRdqd8EoB6M3v6bwSW1g%3d%3d&rt=0&let=17&ct=0&ft=-1"
        },
        {
            "date": "1404/03/18",
            "symbol": "دابور",
            "des": "مجمع عمومی عادی سالیانه شرکت داروسازي ابوريحان ",
            "link": "https://www.codal.ir/Reports/Decision.aspx?LetterSerial=MfqyvQhmBOSaZNCnpGQ03w%3d%3d&rt=0&let=16&ct=0&ft=-1"
        },
        {
            "date": "1404/03/18",
            "symbol": "کي بي سي",
            "des": "مجمع عمومی فوق العاده شرکت کي بي سي",
            "link": "https://www.codal.ir/Reports/Decision.aspx?LetterSerial=WwwOu2oCXemXPB6KxQQQaQQQcOjQ%3d%3d&rt=5&let=18&ct=0&ft=-1"
        },
        {
            "date": "1404/03/18",
            "symbol": " کارگزاري آينده نگر خوارزمي",
            "des": "مجمع عمومی عادی سالیانه شرکت کارگزاري آينده نگر خوارزمي ",
            "link": "https://www.codal.ir/Reports/Decision.aspx?LetterSerial=86FlJjdXRBpCrt0uxbpCIw%3d%3d&rt=2&let=16&ct=14&ft=-1"
        },
        {
            "date": "1404/03/18",
            "symbol": "دابور",
            "des": "مجمع عمومی فوق العاده شرکت داروسازي ابوريحان",
            "link": "https://www.codal.ir/Reports/Decision.aspx?LetterSerial=MeqonQQQaQQQiQX6FJgPC9Da0Sfw%3d%3d&rt=0&let=18&ct=0&ft=-1"
        },
        {
            "date": "1404/03/18",
            "symbol": "سفيد",
            "des": "مجمع عمومی عادی بطور فوق العاده شرکت سيمان سفيد شرق ",
            "link": "https://www.codal.ir/Reports/Decision.aspx?LetterSerial=s8mXTBMSFePsO944yV49gQ%3d%3d&rt=0&let=17&ct=0&ft=-1"
        },
        {
            "date": "1404/03/18",
            "symbol": "سبهان",
            "des": "مجمع عمومی فوق العاده شرکت سيمان بهبهان",
            "link": "https://www.codal.ir/Reports/Decision.aspx?LetterSerial=WQQQaQQQFePBhsxIxQosBObCdLOOObOOOA%3d%3d&rt=0&let=18&ct=0&ft=-1"
        },
        {
            "date": "1404/03/19",
            "symbol": "خوساز",
            "des": "مجمع عمومی عادی سالیانه شرکت صنعتي محور سازان ايران خودرو ",
            "link": "https://www.codal.ir/Reports/Decision.aspx?LetterSerial=WtAMboSbpjp1RLXxxCsVYQ%3d%3d&rt=0&let=16&ct=0&ft=-1"
        },
        {
            "date": "1404/03/19",
            "symbol": "خوساز",
            "des": "مجمع عمومی عادی بطور فوق العاده شرکت صنعتي محور سازان ايران خودرو ",
            "link": "https://www.codal.ir/Reports/Decision.aspx?LetterSerial=ZzreOOObOOOOUgXV1IDinfTD5kNQ%3d%3d&rt=0&let=17&ct=0&ft=-1"
        },
        {
            "date": "1404/03/19",
            "symbol": "شبندر",
            "des": "مجمع عمومی عادی بطور فوق العاده شرکت پالايش نفت بندرعباس",
            "link": "https://www.codal.ir/Reports/Decision.aspx?LetterSerial=R50lcFiMJe4900OoDE5WQQQaQQQg%3d%3d&rt=0&let=17&ct=0&ft=-1"
        },
        {
            "date": "1404/03/20",
            "symbol": "شخارک",
            "des": "مجمع عمومی عادی سالیانه شرکت پتروشيمي خارک ",
            "link": "https://www.codal.ir/Reports/Decision.aspx?LetterSerial=uOOObOOOO7kEAx3ahnKI7qKIQQQaQQQ8RA%3d%3d&rt=0&let=16&ct=0&ft=-1"
        },
        {
            "date": "1404/03/20",
            "symbol": "شخارک",
            "des": "مجمع عمومی فوق العاده شرکت پتروشيمي خارک",
            "link": "https://www.codal.ir/Reports/Decision.aspx?LetterSerial=6pNgWF9vxPsVKCyfSjViqA%3d%3d&rt=0&let=18&ct=0&ft=-1"
        },
        {
            "date": "1404/03/20",
            "symbol": "داتام",
            "des": "مجمع عمومی عادی سالیانه شرکت گروه مالي داتام ",
            "link": "https://www.codal.ir/Reports/Decision.aspx?LetterSerial=Kw3y2QxxEQ3KmtI38AjqHA%3d%3d&rt=2&let=16&ct=0&ft=-1"
        },
        {
            "date": "1404/03/20",
            "symbol": "فباهنر",
            "des": "مجمع عمومی عادی سالیانه شرکت صنايع مس شهيد باهنر",
            "link": "https://www.codal.ir/Reports/Decision.aspx?LetterSerial=Mgk6b6k6cBv7Ci0IA7j4uA%3d%3d&rt=0&let=16&ct=0&ft=-1"
        },
        {
            "date": "1404/03/20",
            "symbol": "فباهنر",
            "des": "مجمع عمومی فوق العاده شرکت صنايع مس شهيد باهنر ",
            "link": "https://www.codal.ir/Reports/Decision.aspx?LetterSerial=p7W8OyQQQaQQQMclzsX9mHeedsCQ%3d%3d&rt=0&let=18&ct=0&ft=-1"
        },
        {
            "date": "1404/03/20",
            "symbol": "فغدير",
            "des": "مجمع عمومی عادی سالیانه شرکت آهن و فولاد غدير ايرانيان ",
            "link": "https://www.codal.ir/Reports/Decision.aspx?LetterSerial=0OdGtztYcjxwnNK8QQQaQQQoaTzw%3d%3d&rt=0&let=16&ct=0&ft=-1"
        },
        {
            "date": "1404/03/20",
            "symbol": "بپاس",
            "des": "مجمع عمومی عادی سالیانه شرکت بيمه پاسارگاد ",
            "link": "https://www.codal.ir/Reports/Decision.aspx?LetterSerial=5gQQQaQQQdbTK5ewOnOJNNSXr6Xw%3d%3d&rt=6&let=16&ct=0&ft=-1"
        },
        {
            "date": "1404/03/21 ",
            "symbol": "خليبل",
            "des": "مجمع عمومی عادی سالیانه شرکت ماليبل سايپا",
            "link": "https://www.codal.ir/Reports/Decision.aspx?LetterSerial=BKSkeZK2cEQw1FTOjRrSoA%3d%3d&rt=0&let=16&ct=0&ft=-1"
        },
        {
            "date": "1404/03/21 ",
            "symbol": "کپشير",
            "des": "مجمع عمومی عادی سالیانه شرکت پشم شيشه ايران",
            "link": "https://www.codal.ir/Reports/Decision.aspx?LetterSerial=1jJIIKvDWjiX2z0KPvtUSg%3d%3d&rt=0&let=16&ct=0&ft=-1"
        },
        {
            "date": "1404/03/21 ",
            "symbol": "همراه",
            "des": "مجمع عمومی عادی سالیانه شرکت ارتباطات سيار ايران ",
            "link": "https://www.codal.ir/Reports/Decision.aspx?LetterSerial=1k0QU5OOObOOOzYqE7KAaQ6wsnSw%3d%3d&rt=5&let=16&ct=0&ft=-1"
        },
        {
            "date": "1404/03/21 ",
            "symbol": "ختراک",
            "des": "مجمع عمومی عادی سالیانه شرکت ريخته گري تراکتور سازي ايران",
            "link": "https://www.codal.ir/Reports/Decision.aspx?LetterSerial=m7EWtC75qKUyTSMrjltPaw%3d%3d&rt=0&let=16&ct=0&ft=-1"
        },
        {
            "date": "1404/03/21 ",
            "symbol": "خموتور",
            "des": "مجمع عمومی عادی سالیانه شرکت موتورسازان تراکتورسازي ايران",
            "link": "https://www.codal.ir/Reports/Decision.aspx?LetterSerial=BeJZpDGCQHqqFGDOscV1QQQaQQQA%3d%3d&rt=0&let=16&ct=0&ft=-1"
        },
        {
            "date": "1404/03/22",
            "symbol": "وکبهمن",
            "des": "مجمع عمومی عادی سالیانه شرکت مديريت سرمايه گذاري کوثر بهمن",
            "link": "https://www.codal.ir/Reports/Decision.aspx?LetterSerial=BGZU5EF6DNtovFGFuRQQQaQQQEzA%3d%3d&rt=2&let=16&ct=0&ft=-1"
        },
        {
            "date": "1404/03/22",
            "symbol": "آردينه",
            "des": "مجمع عمومی عادی سالیانه شرکت نشاسته و گلوکز آردينه",
            "link": "https://www.codal.ir/Reports/Decision.aspx?LetterSerial=8ubqgf618piWLjiVHTzMEg%3d%3d&rt=0&let=16&ct=0&ft=-1"
        },
        {
            "date": "1404/03/25",
            "symbol": "غصينو",
            "des": "مجمع عمومی عادی سالیانه شرکت صنعتي مينو",
            "link": "https://www.codal.ir/Reports/Decision.aspx?LetterSerial=kKKZLTYVE6f8374otopLYQ%3d%3d&rt=0&let=16&ct=0&ft=-1"
        },
        {
            "date": "1404/03/25",
            "symbol": "دحاوي",
            "des": "مجمع عمومی عادی سالیانه شرکت الحاوي",
            "link": "https://www.codal.ir/Reports/Decision.aspx?LetterSerial=Jl040uK3QQQaQQQZtPHU9JE5H9xg%3d%3d&rt=0&let=16&ct=0&ft=-1"
        },
        {
            "date": "1404/03/26",
            "symbol": "زهلال",
            "des": "مجمع عمومی عادی سالیانه شرکت کشت و صنعت هلال",
            "link": "https://www.codal.ir/Reports/Decision.aspx?LetterSerial=J6y1Ffff3k5zdZYZcOubvQ%3d%3d&rt=8&let=16&ct=0&ft=-1"
        },
        {
            "date": "1404/03/26",
            "symbol": "خشرق",
            "des": "مجمع عمومی عادی سالیانه شرکت الکتريک خودرو شرق",
            "link": "https://www.codal.ir/Reports/Decision.aspx?LetterSerial=hDvL6OG4e3cehxwya0NTHA%3d%3d&rt=0&let=16&ct=0&ft=-1"
        },
        {
            "date": "1404/03/26",
            "symbol": "کاريز",
            "des": "مجمع عمومی عادی سالیانه شرکت بيمه زندگي کاريزما ",
            "link": "https://www.codal.ir/Reports/Decision.aspx?LetterSerial=GfLGvjskKwQQQaQQQIqPEifx1STQ%3d%3d&rt=6&let=16&ct=0&ft=-1"
        }
    ],
    "chart": {
        "maleiyat": {
            "labels": [
                "استخراج کانه هاي فلزي",
                "بانكها و موسسات اعتباري",
                "بيمه وصندوق بازنشستگي به جزتامين اجتماعي",
                "خودرو و ساخت قطعات",
                "رايانه و فعاليت‌هاي وابسته به آن",
                "ساير واسطه گريهاي مالي",
                "سرمايه گذاريها",
                "شرکتهاي چند رشته اي صنعتي",
                "صندوق سرمايه گذاري قابل معامله",
                "عرضه برق، گاز، بخاروآب گرم",
                "فراورده هاي نفتي، كك و سوخت هسته اي",
                "فعاليتهاي كمكي به نهادهاي مالي واسط",
                "فلزات اساسي",
                "محصولات شيميايي",
                "محصولات غذايي و آشاميدني به جز قند و شكر",
                "مخابرات",
                "مواد و محصولات دارويي"
            ],
            "series": [4.49, 1.4, 4.01, 2.6, 2.45, 3.7, 1.47, 1.8, 9.51, 1.11, 2.78, 45.61, 4.32, 4.26, 3.4, 1.19999999999999, 5.89]
        },
        "salaneh": {
            "labels": [
                "استخراج کانه هاي فلزي",
                "اوراق تامين مالي",
                "بانكها و موسسات اعتباري",
                "خدمات فني و مهندسي",
                "خودرو و ساخت قطعات",
                "رايانه و فعاليت‌هاي وابسته به آن",
                "سرمايه گذاريها",
                "شرکتهاي چند رشته اي صنعتي",
                "صندوق سرمايه گذاري قابل معامله",
                "عرضه برق، گاز، بخاروآب گرم",
                "فراورده هاي نفتي، كك و سوخت هسته اي",
                "فعاليتهاي كمكي به نهادهاي مالي واسط",
                "فلزات اساسي",
                "محصولات شيميايي",
                "محصولات غذايي و آشاميدني به جز قند و شكر",
                "مخابرات",
                "مواد و محصولات دارويي"
            ],
            "series": [1.33, 0.0, 18.73, 0.38, 9.83, 0.0, 0.0, 6.7, 23.86, 4.68, 0.78, 0.0, 16.27, -16.84, 0.0, 0.0, 0.6]
        },
        "symbol": {
            "symbol": ["فولاد", "وبانک", "اعتماد", "فملی", "ونوین", "تاپیکو", "جم", "شپدیس", "بفجر", "کرونا2"],
            "persent": [18, 10, 8, 7, 6, 5, 5, 4, 4, -2]
        },
        "ravand": {
            "date": ["1403/01/31", "1403/02/31", "1403/03/31", "1403/04/31", "1403/05/31", "1403/06/31", "1403/07/30", "1403/08/30", "1403/09/30"],
            "values": [
                { "name": "سود و زیان", "data": [0.165260829, 0.897312859, 0.437031111, 0.735006262, 0.052218464, 0.367901352, 0.303433343, 0.106301391, 1.214976348] },
                { "name": "شاخص کل", "data": [0.597788156, -1.790496754, -5.749867661, 7.262008435, -7.079228649, 3.029293032, -4.366672209, 12.47192702, 21.3162752] }
            ]
        }
    },
    "shakhes": {
        "tag": "بورس",
        "tagKol": "3,103,448",
        "cust": "9,834,001",
        "byuysale": "7,620"
    },
    "shakhesKol": {
        "tag": "فرابورس",
        "tagKol": "27,684",
        "cust": "1,540,816",
        "byuysale": "116,894"
    },
    "shakhesTamamShodeh": {
        "kolprice": "25,855,207,077,443",
        "oksood": "1,560,133,191,410",
        "sood": "4,527,998,863,645",
        "shopprice": "56,551,577,990,533",
        "bazdeh": "118"
    },
    "saham": [
        {
            "symbol": "اعتماد",
            "sarmayeh": "40,000,000,000,000",
            "maliDate": "-",
            "endPrice": "93,542",
            "endChangePersent": "0.237",
            "priceOfEndBS": "93,542",
            "periceOfEndBSPersent": "0.237"
        },
        {
            "symbol": "فملی",
            "sarmayeh": "780,000,000,000,000",
            "maliDate": "12/29",
            "endPrice": "6,900",
            "endChangePersent": "-1.000",
            "priceOfEndBS": "6,870",
            "periceOfEndBSPersent": "-1.150"
        },
        {
            "symbol": "فولاد",
            "sarmayeh": "130,000,000,000,000,000",
            "maliDate": "12/29",
            "endPrice": "3,671",
            "endChangePersent": "-2.900",
            "priceOfEndBS": "3,643",
            "periceOfEndBSPersent": "-3.000"
        },
        {
            "symbol": "جم",
            "sarmayeh": "18,000,000,000,000",
            "maliDate": "12/29",
            "endPrice": "69,140",
            "endChangePersent": "-1.160",
            "priceOfEndBS": "68,490",
            "periceOfEndBSPersent": "-1.260"
        },
        {
            "symbol": "ونوین",
            "sarmayeh": "60,851,468,000,000",
            "maliDate": "12/29",
            "endPrice": "4,327",
            "endChangePersent": "-2.970",
            "priceOfEndBS": "4,307",
            "periceOfEndBSPersent": "-3.000"
        }
    ]
}
